{"ec2_disk/grad_norm":0.01545351262441309,"ec2_disk/epochs_trained":11,"ec2_disk/loss_curve":{"format":"png","width":1806,"height":515,"caption":"ec2_disk training loss","_type":"image-file","sha256":"a299b7616a31162e238c01e559d0972258e42c3f28b0e3adb6474745b42a6fe6","size":57736,"path":"media/images/ec2_disk/loss_curve_11_a299b7616a31162e238c.png"},"ec2_disk/val_loss":0.026826876442202826,"ec2_disk/test_mae":0.04272166,"ec2_disk/test_rmse":0.10583141,"_runtime":21,"ec2_disk/learning_rate":0.0005,"_timestamp":1.7745240602560105e+09,"ec2_disk/best_epoch":1,"ec2_disk/train_loss":0.01729395069793365,"ec2_disk/best_val_loss":0.02676191,"ec2_disk/test_mse":0.01120029,"_step":11,"ec2_disk/training_secs":18.66,"_wandb":{"runtime":21},"ec2_disk/total_params":54982}