{
  "metric_name": "ec2_disk",
  "trained_at": "2026-03-26T11:21:00.148982+00:00",
  "device": "cpu",
  "seed": 42,
  "input_size": 1,
  "hidden_size": 64,
  "num_layers": 2,
  "dropout": 0.2,
  "past_window": 24,
  "future_window": 6,
  "epochs_planned": 100,
  "epochs_trained": 11,
  "batch_size": 64,
  "learning_rate": 0.001,
  "weight_decay": 1e-05,
  "early_stop_patience": 10,
  "best_val_loss": 0.02676191,
  "final_train_loss": 0.01729395,
  "best_epoch": 1,
  "train_losses": [
    0.01912295,
    0.01810619,
    0.01792109,
    0.01807461,
    0.01785557,
    0.01756969,
    0.01730529,
    0.0169885,
    0.01731917,
    0.01729421,
    0.01729395
  ],
  "val_losses": [
    0.02676191,
    0.02676282,
    0.02686177,
    0.02682332,
    0.02704897,
    0.02678561,
    0.02681406,
    0.02693561,
    0.02678372,
    0.02695487,
    0.02682688
  ],
  "checkpoint_path": "C:\\Users\\APPSQUADZ\\Documents\\rayyan\\Rayyan_projects\\predictive_ssl_anamoly_detector\\artifacts\\checkpoints\\ec2_disk_best.pt",
  "plot_path": "C:\\Users\\APPSQUADZ\\Documents\\rayyan\\Rayyan_projects\\predictive_ssl_anamoly_detector\\data\\reports\\plots\\ec2_disk_training_loss.png",
  "total_params": 54982,
  "training_secs": 18.66
}