{
  "metric_name": "elb_requests",
  "trained_at": "2026-03-26T11:21:43.907711+00:00",
  "device": "cpu",
  "seed": 42,
  "input_size": 1,
  "hidden_size": 64,
  "num_layers": 2,
  "dropout": 0.2,
  "past_window": 24,
  "future_window": 6,
  "epochs_planned": 100,
  "epochs_trained": 23,
  "batch_size": 64,
  "learning_rate": 0.001,
  "weight_decay": 1e-05,
  "early_stop_patience": 10,
  "best_val_loss": 0.03382241,
  "final_train_loss": 0.04477577,
  "best_epoch": 13,
  "train_losses": [
    0.06777774,
    0.04817382,
    0.0476551,
    0.04670174,
    0.04570188,
    0.04538284,
    0.04568307,
    0.04521338,
    0.04537147,
    0.04527838,
    0.04516544,
    0.04525699,
    0.04535754,
    0.04517382,
    0.04514787,
    0.04518231,
    0.04505948,
    0.04485532,
    0.04514436,
    0.0447957,
    0.04491144,
    0.04479717,
    0.04477577
  ],
  "val_losses": [
    0.0404189,
    0.04184755,
    0.0377251,
    0.03542458,
    0.03530465,
    0.03399396,
    0.03510538,
    0.03396272,
    0.03414385,
    0.03393236,
    0.03417198,
    0.03436162,
    0.03382241,
    0.03441112,
    0.03414614,
    0.03438515,
    0.03404802,
    0.03394842,
    0.03488681,
    0.03396362,
    0.03545749,
    0.0341809,
    0.03479603
  ],
  "checkpoint_path": "C:\\Users\\APPSQUADZ\\Documents\\rayyan\\Rayyan_projects\\predictive_ssl_anamoly_detector\\artifacts\\checkpoints\\elb_requests_best.pt",
  "plot_path": "C:\\Users\\APPSQUADZ\\Documents\\rayyan\\Rayyan_projects\\predictive_ssl_anamoly_detector\\data\\reports\\plots\\elb_requests_training_loss.png",
  "total_params": 54982,
  "training_secs": 30.52
}