{
  "metric_name": "rds_cpu",
  "trained_at": "2026-03-26T11:20:26.038869+00:00",
  "device": "cpu",
  "seed": 42,
  "input_size": 1,
  "hidden_size": 64,
  "num_layers": 2,
  "dropout": 0.2,
  "past_window": 24,
  "future_window": 6,
  "epochs_planned": 100,
  "epochs_trained": 40,
  "batch_size": 64,
  "learning_rate": 0.001,
  "weight_decay": 1e-05,
  "early_stop_patience": 10,
  "best_val_loss": 6.41291554,
  "final_train_loss": 0.0204061,
  "best_epoch": 30,
  "train_losses": [
    0.03781498,
    0.02212832,
    0.02171882,
    0.02144453,
    0.02156752,
    0.02140727,
    0.0213574,
    0.02083193,
    0.0207472,
    0.02072901,
    0.02064878,
    0.02063257,
    0.02071407,
    0.02068237,
    0.02067805,
    0.02043823,
    0.02062352,
    0.02053806,
    0.02048271,
    0.02052837,
    0.02054686,
    0.02050386,
    0.02048127,
    0.02046243,
    0.02032401,
    0.02042999,
    0.02049487,
    0.02049564,
    0.02040753,
    0.02039398,
    0.02037741,
    0.02039663,
    0.02045369,
    0.02039101,
    0.02034308,
    0.02039058,
    0.02033975,
    0.02039303,
    0.02026377,
    0.0204061
  ],
  "val_losses": [
    7.79772482,
    7.70317395,
    7.57024574,
    7.44879292,
    7.22455056,
    6.94729818,
    6.75536677,
    6.61678933,
    6.58200054,
    6.63469638,
    6.56486586,
    6.56860899,
    6.57566473,
    6.66597333,
    6.5269078,
    6.45932321,
    6.47501318,
    6.55419307,
    6.50927532,
    6.52417238,
    6.58161008,
    6.51693695,
    6.51274857,
    6.45141433,
    6.4343043,
    6.48862064,
    6.43981227,
    6.45031277,
    6.48489459,
    6.41291554,
    6.44084274,
    6.42907676,
    6.47198811,
    6.47698614,
    6.42003999,
    6.45607293,
    6.49122583,
    6.49453517,
    6.48287889,
    6.52286037
  ],
  "checkpoint_path": "C:\\Users\\APPSQUADZ\\Documents\\rayyan\\Rayyan_projects\\predictive_ssl_anamoly_detector\\artifacts\\checkpoints\\rds_cpu_best.pt",
  "plot_path": "C:\\Users\\APPSQUADZ\\Documents\\rayyan\\Rayyan_projects\\predictive_ssl_anamoly_detector\\data\\reports\\plots\\rds_cpu_training_loss.png",
  "total_params": 54982,
  "training_secs": 47.72
}