{"_wandb":{"runtime":54},"rds_cpu/test_rmse":3.33321239,"rds_cpu/best_val_loss":6.41291554,"rds_cpu/test_mae":3.3143549,"rds_cpu/test_mse":11.11030483,"_step":40,"rds_cpu/learning_rate":0.00025,"rds_cpu/grad_norm":0.020197601012875196,"_timestamp":1.7745240291653585e+09,"rds_cpu/train_loss":0.02040610344898352,"rds_cpu/training_secs":47.72,"rds_cpu/best_epoch":30,"rds_cpu/epochs_trained":40,"rds_cpu/total_params":54982,"rds_cpu/val_loss":6.5228603653820505,"_runtime":54,"rds_cpu/loss_curve":{"caption":"rds_cpu training loss","_type":"image-file","sha256":"ff132f7abc56ce964ad2205a1309e1b1a024b9a214e1820a43241c4f72a32d0f","size":51955,"path":"media/images/rds_cpu/loss_curve_40_ff132f7abc56ce964ad2.png","format":"png","width":1806,"height":515}}